scale,setting,label,region,cls,n,n_pos,prev,tpr,fpr,prec,f1
1km,ood,A,0,tobacco,1000,100,0.1,0.7,0.05,0.5,0.55
1km,ood,A,0,maize,1000,200,0.2,0.8,0.05,0.6,0.65
1km,ood,B,1,tobacco,1000,120,0.12,0.7,0.05,0.5,0.55
1km,ood,B,1,maize,1000,220,0.22,0.8,0.05,0.6,0.65
1km,ood,C,2,tobacco,1000,300,0.3,0.7,0.05,0.5,0.55
1km,ood,C,2,maize,1000,400,0.4,0.8,0.05,0.6,0.65
1km,ood,D,3,tobacco,1000,90,0.09,0.7,0.05,0.5,0.55
1km,ood,D,3,maize,1000,180,0.18,0.8,0.05,0.6,0.65
1km,ood,E,4,tobacco,800,52,0.065,0.7,0.05,0.5,0.55
1km,ood,E,4,maize,800,549,0.68625,0.8,0.05,0.6,0.65
1km,in,A,0,tobacco,1000,100,0.1,0.7,0.05,0.5,0.55
1km,in,A,0,maize,1000,200,0.2,0.8,0.05,0.6,0.65
1km,in,B,1,tobacco,1000,120,0.12,0.7,0.05,0.5,0.55
1km,in,B,1,maize,1000,220,0.22,0.8,0.05,0.6,0.65
1km,in,C,2,tobacco,1000,300,0.3,0.7,0.05,0.5,0.55
1km,in,C,2,maize,1000,400,0.4,0.8,0.05,0.6,0.65
1km,in,D,3,tobacco,1000,90,0.09,0.7,0.05,0.5,0.55
1km,in,D,3,maize,1000,180,0.18,0.8,0.05,0.6,0.65
1km,in,E,4,tobacco,800,52,0.065,0.7,0.05,0.5,0.55
1km,in,E,4,maize,800,549,0.68625,0.8,0.05,0.6,0.65
2km,ood,A,0,tobacco,1000,100,0.1,0.7,0.05,0.5,0.55
2km,ood,A,0,maize,1000,200,0.2,0.8,0.05,0.6,0.65
2km,ood,B,1,tobacco,1000,120,0.12,0.7,0.05,0.5,0.55
2km,ood,B,1,maize,1000,220,0.22,0.8,0.05,0.6,0.65
2km,ood,C,2,tobacco,1000,300,0.3,0.7,0.05,0.5,0.55
2km,ood,C,2,maize,1000,400,0.4,0.8,0.05,0.6,0.65
2km,ood,D,3,tobacco,1000,90,0.09,0.7,0.05,0.5,0.55
2km,ood,D,3,maize,1000,180,0.18,0.8,0.05,0.6,0.65
2km,ood,E,4,tobacco,800,52,0.065,0.7,0.05,0.5,0.55
2km,ood,E,4,maize,800,549,0.68625,0.8,0.05,0.6,0.65
2km,in,A,0,tobacco,1000,100,0.1,0.7,0.05,0.5,0.55
2km,in,A,0,maize,1000,200,0.2,0.8,0.05,0.6,0.65
2km,in,B,1,tobacco,1000,120,0.12,0.7,0.05,0.5,0.55
2km,in,B,1,maize,1000,220,0.22,0.8,0.05,0.6,0.65
2km,in,C,2,tobacco,1000,300,0.3,0.7,0.05,0.5,0.55
2km,in,C,2,maize,1000,400,0.4,0.8,0.05,0.6,0.65
2km,in,D,3,tobacco,1000,90,0.09,0.7,0.05,0.5,0.55
2km,in,D,3,maize,1000,180,0.18,0.8,0.05,0.6,0.65
2km,in,E,4,tobacco,800,52,0.065,0.7,0.05,0.5,0.55
2km,in,E,4,maize,800,549,0.68625,0.8,0.05,0.6,0.65
5km,ood,A,0,tobacco,1000,100,0.1,0.7,0.05,0.5,0.55
5km,ood,A,0,maize,1000,200,0.2,0.8,0.05,0.6,0.65
5km,ood,B,1,tobacco,1000,120,0.12,0.7,0.05,0.5,0.55
5km,ood,B,1,maize,1000,220,0.22,0.8,0.05,0.6,0.65
5km,ood,C,2,tobacco,1000,300,0.3,0.7,0.05,0.5,0.55
5km,ood,C,2,maize,1000,400,0.4,0.8,0.05,0.6,0.65
5km,ood,D,3,tobacco,1000,90,0.09,0.7,0.05,0.5,0.55
5km,ood,D,3,maize,1000,180,0.18,0.8,0.05,0.6,0.65
5km,ood,E,4,tobacco,800,52,0.065,0.7,0.05,0.5,0.55
5km,ood,E,4,maize,800,549,0.68625,0.8,0.05,0.6,0.65
5km,in,A,0,tobacco,1000,100,0.1,0.7,0.05,0.5,0.55
5km,in,A,0,maize,1000,200,0.2,0.8,0.05,0.6,0.65
5km,in,B,1,tobacco,1000,120,0.12,0.7,0.05,0.5,0.55
5km,in,B,1,maize,1000,220,0.22,0.8,0.05,0.6,0.65
5km,in,C,2,tobacco,1000,300,0.3,0.7,0.05,0.5,0.55
5km,in,C,2,maize,1000,400,0.4,0.8,0.05,0.6,0.65
5km,in,D,3,tobacco,1000,90,0.09,0.7,0.05,0.5,0.55
5km,in,D,3,maize,1000,180,0.18,0.8,0.05,0.6,0.65
5km,in,E,4,tobacco,800,52,0.065,0.7,0.05,0.5,0.55
5km,in,E,4,maize,800,549,0.68625,0.8,0.05,0.6,0.65
